id,travel_time,timestamp
1,NA,2018-02-04T10:27:24Z
2,NA,2018-02-04T10:27:24Z
3,NA,2018-02-04T10:27:24Z
4,NA,2018-02-04T10:27:24Z
5,NA,2018-02-04T10:27:24Z
6,NA,2018-02-04T10:27:24Z
7,NA,2018-02-04T10:27:24Z
8,NA,2018-02-04T10:27:24Z
9,NA,2018-02-04T10:27:24Z
10,NA,2018-02-04T10:27:24Z
11,NA,2018-02-04T10:27:24Z
12,NA,2018-02-04T10:27:24Z
13,NA,2018-02-04T10:27:24Z
14,NA,2018-02-04T10:27:24Z
15,NA,2018-02-04T10:27:24Z
16,NA,2018-02-04T10:27:24Z
17,NA,2018-02-04T10:27:24Z
18,NA,2018-02-04T10:27:24Z
19,NA,2018-02-04T10:27:24Z
20,NA,2018-02-04T10:27:24Z
21,NA,2018-02-04T10:27:24Z
22,NA,2018-02-04T10:27:24Z
23,NA,2018-02-04T10:27:24Z
24,NA,2018-02-04T10:27:24Z
25,NA,2018-02-04T10:27:24Z
26,NA,2018-02-04T10:27:24Z
27,NA,2018-02-04T10:27:24Z
28,NA,2018-02-04T10:27:24Z
29,NA,2018-02-04T10:27:24Z
30,NA,2018-02-04T10:27:24Z
31,NA,2018-02-04T10:27:24Z
32,NA,2018-02-04T10:27:24Z
33,NA,2018-02-04T10:27:24Z
34,NA,2018-02-04T10:27:24Z
35,NA,2018-02-04T10:27:24Z
36,NA,2018-02-04T10:27:24Z
37,NA,2018-02-04T10:27:24Z
38,NA,2018-02-04T10:27:24Z
39,NA,2018-02-04T10:27:24Z
40,NA,2018-02-04T10:27:24Z
41,NA,2018-02-04T10:27:24Z
42,NA,2018-02-04T10:27:24Z
43,NA,2018-02-04T10:27:24Z
44,NA,2018-02-04T10:27:24Z
45,NA,2018-02-04T10:27:24Z
46,NA,2018-02-04T10:27:24Z
47,NA,2018-02-04T10:27:24Z
48,NA,2018-02-04T10:27:24Z
49,NA,2018-02-04T10:27:24Z
50,NA,2018-02-04T10:27:24Z
1,12.216666666666667,2018-02-04T10:37:54Z
2,8.25,2018-02-04T10:37:54Z
3,11.65,2018-02-04T10:37:54Z
4,8.166666666666666,2018-02-04T10:37:54Z
5,4.416666666666667,2018-02-04T10:37:54Z
6,4.833333333333333,2018-02-04T10:37:54Z
7,7.016666666666667,2018-02-04T10:37:54Z
8,7.716666666666667,2018-02-04T10:37:54Z
9,10,2018-02-04T10:37:54Z
10,9.333333333333334,2018-02-04T10:37:54Z
11,6.933333333333334,2018-02-04T10:37:54Z
12,8.9,2018-02-04T10:37:54Z
13,11.9,2018-02-04T10:37:54Z
14,5.95,2018-02-04T10:37:54Z
15,13.466666666666667,2018-02-04T10:37:54Z
16,7.366666666666666,2018-02-04T10:37:54Z
17,13.75,2018-02-04T10:37:54Z
18,17.116666666666667,2018-02-04T10:37:54Z
19,16.483333333333334,2018-02-04T10:37:54Z
20,18.1,2018-02-04T10:37:54Z
21,19.316666666666666,2018-02-04T10:37:54Z
22,13.216666666666667,2018-02-04T10:37:54Z
23,16.9,2018-02-04T10:37:54Z
24,18.65,2018-02-04T10:37:54Z
25,21.266666666666666,2018-02-04T10:37:54Z
26,20.733333333333334,2018-02-04T10:37:54Z
27,7.166666666666667,2018-02-04T10:37:54Z
28,3.85,2018-02-04T10:37:54Z
29,8.016666666666667,2018-02-04T10:37:54Z
30,7.116666666666666,2018-02-04T10:37:54Z
31,6.183333333333334,2018-02-04T10:37:54Z
32,6.35,2018-02-04T10:37:54Z
33,6.566666666666666,2018-02-04T10:37:54Z
34,5.816666666666666,2018-02-04T10:37:54Z
35,9.366666666666667,2018-02-04T10:37:54Z
36,10.466666666666667,2018-02-04T10:37:54Z
37,11.216666666666667,2018-02-04T10:37:54Z
38,8.4,2018-02-04T10:37:54Z
39,16.05,2018-02-04T10:37:54Z
40,10.366666666666667,2018-02-04T10:37:54Z
41,8.816666666666666,2018-02-04T10:37:54Z
42,8.383333333333333,2018-02-04T10:37:54Z
43,6.516666666666667,2018-02-04T10:37:54Z
44,8.716666666666667,2018-02-04T10:37:54Z
45,7.283333333333333,2018-02-04T10:37:54Z
46,10.45,2018-02-04T10:37:54Z
47,10.533333333333333,2018-02-04T10:37:54Z
48,7.85,2018-02-04T10:37:54Z
49,9.6,2018-02-04T10:37:54Z
50,5,2018-02-04T10:37:54Z
1,12.216666666666667,2018-02-04T10:42:25Z
2,8.25,2018-02-04T10:42:25Z
3,11.65,2018-02-04T10:42:25Z
4,8.166666666666666,2018-02-04T10:42:25Z
5,4.416666666666667,2018-02-04T10:42:25Z
6,4.833333333333333,2018-02-04T10:42:25Z
7,7.016666666666667,2018-02-04T10:42:25Z
8,7.716666666666667,2018-02-04T10:42:25Z
9,10,2018-02-04T10:42:25Z
10,9.333333333333334,2018-02-04T10:42:25Z
11,6.933333333333334,2018-02-04T10:42:25Z
12,8.9,2018-02-04T10:42:25Z
13,11.9,2018-02-04T10:42:25Z
14,5.95,2018-02-04T10:42:25Z
15,13.466666666666667,2018-02-04T10:42:25Z
16,7.366666666666666,2018-02-04T10:42:25Z
17,13.75,2018-02-04T10:42:25Z
18,17.116666666666667,2018-02-04T10:42:25Z
19,16.483333333333334,2018-02-04T10:42:25Z
20,18.1,2018-02-04T10:42:25Z
21,19.316666666666666,2018-02-04T10:42:25Z
22,13.216666666666667,2018-02-04T10:42:25Z
23,16.9,2018-02-04T10:42:25Z
24,18.65,2018-02-04T10:42:25Z
25,21.266666666666666,2018-02-04T10:42:25Z
26,20.733333333333334,2018-02-04T10:42:25Z
27,7.166666666666667,2018-02-04T10:42:25Z
28,3.85,2018-02-04T10:42:25Z
29,8.016666666666667,2018-02-04T10:42:25Z
30,7.116666666666666,2018-02-04T10:42:25Z
31,6.183333333333334,2018-02-04T10:42:25Z
32,6.35,2018-02-04T10:42:25Z
33,6.566666666666666,2018-02-04T10:42:25Z
34,5.816666666666666,2018-02-04T10:42:25Z
35,9.366666666666667,2018-02-04T10:42:25Z
36,10.466666666666667,2018-02-04T10:42:25Z
37,11.216666666666667,2018-02-04T10:42:25Z
38,8.4,2018-02-04T10:42:25Z
39,16.05,2018-02-04T10:42:25Z
40,10.366666666666667,2018-02-04T10:42:25Z
41,8.816666666666666,2018-02-04T10:42:25Z
42,8.383333333333333,2018-02-04T10:42:25Z
43,6.516666666666667,2018-02-04T10:42:25Z
44,8.716666666666667,2018-02-04T10:42:25Z
45,7.283333333333333,2018-02-04T10:42:25Z
46,10.45,2018-02-04T10:42:25Z
47,10.533333333333333,2018-02-04T10:42:25Z
48,7.85,2018-02-04T10:42:25Z
49,9.6,2018-02-04T10:42:25Z
50,5,2018-02-04T10:42:25Z
1,12.216666666666667,2018-02-04T10:59:03Z
2,8.25,2018-02-04T10:59:03Z
3,11.65,2018-02-04T10:59:03Z
4,8.166666666666666,2018-02-04T10:59:03Z
5,4.416666666666667,2018-02-04T10:59:03Z
6,4.833333333333333,2018-02-04T10:59:03Z
7,7.016666666666667,2018-02-04T10:59:03Z
8,7.716666666666667,2018-02-04T10:59:03Z
9,10,2018-02-04T10:59:03Z
10,9.333333333333334,2018-02-04T10:59:03Z
11,6.933333333333334,2018-02-04T10:59:03Z
12,8.9,2018-02-04T10:59:03Z
13,11.9,2018-02-04T10:59:03Z
14,5.95,2018-02-04T10:59:03Z
15,13.466666666666667,2018-02-04T10:59:03Z
16,7.366666666666666,2018-02-04T10:59:03Z
17,13.75,2018-02-04T10:59:03Z
18,17.116666666666667,2018-02-04T10:59:03Z
19,16.483333333333334,2018-02-04T10:59:03Z
20,18.1,2018-02-04T10:59:03Z
21,19.316666666666666,2018-02-04T10:59:03Z
22,13.216666666666667,2018-02-04T10:59:03Z
23,16.9,2018-02-04T10:59:03Z
24,18.65,2018-02-04T10:59:03Z
25,21.266666666666666,2018-02-04T10:59:03Z
26,20.733333333333334,2018-02-04T10:59:03Z
27,7.166666666666667,2018-02-04T10:59:03Z
28,3.85,2018-02-04T10:59:03Z
29,8.016666666666667,2018-02-04T10:59:03Z
30,7.116666666666666,2018-02-04T10:59:03Z
31,6.183333333333334,2018-02-04T10:59:03Z
32,6.35,2018-02-04T10:59:03Z
33,6.566666666666666,2018-02-04T10:59:03Z
34,5.816666666666666,2018-02-04T10:59:03Z
35,9.366666666666667,2018-02-04T10:59:03Z
36,10.466666666666667,2018-02-04T10:59:03Z
37,11.216666666666667,2018-02-04T10:59:03Z
38,8.4,2018-02-04T10:59:03Z
39,16.05,2018-02-04T10:59:03Z
40,10.366666666666667,2018-02-04T10:59:03Z
41,8.816666666666666,2018-02-04T10:59:03Z
42,8.383333333333333,2018-02-04T10:59:03Z
43,6.516666666666667,2018-02-04T10:59:03Z
44,8.716666666666667,2018-02-04T10:59:03Z
45,7.283333333333333,2018-02-04T10:59:03Z
46,10.45,2018-02-04T10:59:03Z
47,10.533333333333333,2018-02-04T10:59:03Z
48,7.85,2018-02-04T10:59:03Z
49,9.6,2018-02-04T10:59:03Z
50,5,2018-02-04T10:59:03Z
1,12.216666666666667,2018-02-04T11:00:04Z
2,8.25,2018-02-04T11:00:04Z
3,11.65,2018-02-04T11:00:04Z
4,8.166666666666666,2018-02-04T11:00:04Z
5,4.416666666666667,2018-02-04T11:00:04Z
6,4.833333333333333,2018-02-04T11:00:04Z
7,7.016666666666667,2018-02-04T11:00:04Z
8,7.716666666666667,2018-02-04T11:00:04Z
9,10,2018-02-04T11:00:04Z
10,9.333333333333334,2018-02-04T11:00:04Z
11,6.933333333333334,2018-02-04T11:00:04Z
12,8.9,2018-02-04T11:00:04Z
13,11.9,2018-02-04T11:00:04Z
14,5.95,2018-02-04T11:00:04Z
15,13.466666666666667,2018-02-04T11:00:04Z
16,7.366666666666666,2018-02-04T11:00:04Z
17,13.75,2018-02-04T11:00:04Z
18,17.116666666666667,2018-02-04T11:00:04Z
19,16.483333333333334,2018-02-04T11:00:04Z
20,18.1,2018-02-04T11:00:04Z
21,19.316666666666666,2018-02-04T11:00:04Z
22,13.216666666666667,2018-02-04T11:00:04Z
23,16.9,2018-02-04T11:00:04Z
24,18.65,2018-02-04T11:00:04Z
25,21.266666666666666,2018-02-04T11:00:04Z
26,20.733333333333334,2018-02-04T11:00:04Z
27,7.166666666666667,2018-02-04T11:00:04Z
28,3.85,2018-02-04T11:00:04Z
29,8.016666666666667,2018-02-04T11:00:04Z
30,7.116666666666666,2018-02-04T11:00:04Z
31,6.183333333333334,2018-02-04T11:00:04Z
32,6.35,2018-02-04T11:00:04Z
33,6.566666666666666,2018-02-04T11:00:04Z
34,5.816666666666666,2018-02-04T11:00:04Z
35,9.366666666666667,2018-02-04T11:00:04Z
36,10.466666666666667,2018-02-04T11:00:04Z
37,11.216666666666667,2018-02-04T11:00:04Z
38,8.4,2018-02-04T11:00:04Z
39,16.05,2018-02-04T11:00:04Z
40,10.366666666666667,2018-02-04T11:00:04Z
41,8.816666666666666,2018-02-04T11:00:04Z
42,8.383333333333333,2018-02-04T11:00:04Z
43,6.516666666666667,2018-02-04T11:00:04Z
44,8.716666666666667,2018-02-04T11:00:04Z
45,7.283333333333333,2018-02-04T11:00:04Z
46,10.45,2018-02-04T11:00:04Z
47,10.533333333333333,2018-02-04T11:00:04Z
48,7.85,2018-02-04T11:00:04Z
49,9.6,2018-02-04T11:00:04Z
50,5,2018-02-04T11:00:04Z
1,12.216666666666667,2018-02-04T11:01:04Z
2,8.25,2018-02-04T11:01:04Z
3,11.65,2018-02-04T11:01:04Z
4,8.166666666666666,2018-02-04T11:01:04Z
5,4.416666666666667,2018-02-04T11:01:04Z
6,4.833333333333333,2018-02-04T11:01:04Z
7,7.016666666666667,2018-02-04T11:01:04Z
8,7.716666666666667,2018-02-04T11:01:04Z
9,10,2018-02-04T11:01:04Z
10,9.333333333333334,2018-02-04T11:01:04Z
11,6.933333333333334,2018-02-04T11:01:04Z
12,8.9,2018-02-04T11:01:04Z
13,11.9,2018-02-04T11:01:04Z
14,5.95,2018-02-04T11:01:04Z
15,13.466666666666667,2018-02-04T11:01:04Z
16,7.366666666666666,2018-02-04T11:01:04Z
17,13.75,2018-02-04T11:01:04Z
18,17.116666666666667,2018-02-04T11:01:04Z
19,16.483333333333334,2018-02-04T11:01:04Z
20,18.1,2018-02-04T11:01:04Z
21,19.316666666666666,2018-02-04T11:01:04Z
22,13.216666666666667,2018-02-04T11:01:04Z
23,16.9,2018-02-04T11:01:04Z
24,18.65,2018-02-04T11:01:04Z
25,21.266666666666666,2018-02-04T11:01:04Z
26,20.733333333333334,2018-02-04T11:01:04Z
27,7.166666666666667,2018-02-04T11:01:04Z
28,3.85,2018-02-04T11:01:04Z
29,8.016666666666667,2018-02-04T11:01:04Z
30,7.116666666666666,2018-02-04T11:01:04Z
31,6.183333333333334,2018-02-04T11:01:04Z
32,6.35,2018-02-04T11:01:04Z
33,6.566666666666666,2018-02-04T11:01:04Z
34,5.816666666666666,2018-02-04T11:01:04Z
35,9.366666666666667,2018-02-04T11:01:04Z
36,10.466666666666667,2018-02-04T11:01:04Z
37,11.216666666666667,2018-02-04T11:01:04Z
38,8.4,2018-02-04T11:01:04Z
39,16.05,2018-02-04T11:01:04Z
40,10.366666666666667,2018-02-04T11:01:04Z
41,8.816666666666666,2018-02-04T11:01:04Z
42,8.383333333333333,2018-02-04T11:01:04Z
43,6.516666666666667,2018-02-04T11:01:04Z
44,8.716666666666667,2018-02-04T11:01:04Z
45,7.283333333333333,2018-02-04T11:01:04Z
46,10.45,2018-02-04T11:01:04Z
47,10.533333333333333,2018-02-04T11:01:04Z
48,7.85,2018-02-04T11:01:04Z
49,9.6,2018-02-04T11:01:04Z
50,5,2018-02-04T11:01:04Z
1,12.216666666666667,2018-02-04T11:02:04Z
2,8.25,2018-02-04T11:02:04Z
3,11.65,2018-02-04T11:02:04Z
4,8.166666666666666,2018-02-04T11:02:04Z
5,4.416666666666667,2018-02-04T11:02:04Z
6,4.833333333333333,2018-02-04T11:02:04Z
7,7.016666666666667,2018-02-04T11:02:04Z
8,7.716666666666667,2018-02-04T11:02:04Z
9,10,2018-02-04T11:02:04Z
10,9.333333333333334,2018-02-04T11:02:04Z
11,6.933333333333334,2018-02-04T11:02:04Z
12,8.9,2018-02-04T11:02:04Z
13,11.9,2018-02-04T11:02:04Z
14,5.95,2018-02-04T11:02:04Z
15,13.466666666666667,2018-02-04T11:02:04Z
16,7.366666666666666,2018-02-04T11:02:04Z
17,13.75,2018-02-04T11:02:04Z
18,17.116666666666667,2018-02-04T11:02:04Z
19,16.483333333333334,2018-02-04T11:02:04Z
20,18.1,2018-02-04T11:02:04Z
21,19.316666666666666,2018-02-04T11:02:04Z
22,13.216666666666667,2018-02-04T11:02:04Z
23,16.9,2018-02-04T11:02:04Z
24,18.65,2018-02-04T11:02:04Z
25,21.266666666666666,2018-02-04T11:02:04Z
26,20.733333333333334,2018-02-04T11:02:04Z
27,7.166666666666667,2018-02-04T11:02:04Z
28,3.85,2018-02-04T11:02:04Z
29,8.016666666666667,2018-02-04T11:02:04Z
30,7.116666666666666,2018-02-04T11:02:04Z
31,6.183333333333334,2018-02-04T11:02:04Z
32,6.35,2018-02-04T11:02:04Z
33,6.566666666666666,2018-02-04T11:02:04Z
34,5.816666666666666,2018-02-04T11:02:04Z
35,9.366666666666667,2018-02-04T11:02:04Z
36,10.466666666666667,2018-02-04T11:02:04Z
37,11.216666666666667,2018-02-04T11:02:04Z
38,8.4,2018-02-04T11:02:04Z
39,16.05,2018-02-04T11:02:04Z
40,10.366666666666667,2018-02-04T11:02:04Z
41,8.816666666666666,2018-02-04T11:02:04Z
42,8.383333333333333,2018-02-04T11:02:04Z
43,6.516666666666667,2018-02-04T11:02:04Z
44,8.716666666666667,2018-02-04T11:02:04Z
45,7.283333333333333,2018-02-04T11:02:04Z
46,10.45,2018-02-04T11:02:04Z
47,10.533333333333333,2018-02-04T11:02:04Z
48,7.85,2018-02-04T11:02:04Z
49,9.6,2018-02-04T11:02:04Z
50,5,2018-02-04T11:02:04Z
1,12.216666666666667,2018-02-04T11:15:50Z
2,8.25,2018-02-04T11:15:50Z
3,11.65,2018-02-04T11:15:50Z
4,8.166666666666666,2018-02-04T11:15:50Z
5,4.416666666666667,2018-02-04T11:15:50Z
6,4.833333333333333,2018-02-04T11:15:50Z
7,7.016666666666667,2018-02-04T11:15:50Z
8,7.716666666666667,2018-02-04T11:15:50Z
9,10,2018-02-04T11:15:50Z
10,9.333333333333334,2018-02-04T11:15:50Z
11,6.933333333333334,2018-02-04T11:15:50Z
12,8.9,2018-02-04T11:15:50Z
13,11.9,2018-02-04T11:15:50Z
14,5.95,2018-02-04T11:15:50Z
15,13.466666666666667,2018-02-04T11:15:50Z
16,7.366666666666666,2018-02-04T11:15:50Z
17,13.75,2018-02-04T11:15:50Z
18,17.116666666666667,2018-02-04T11:15:50Z
19,16.483333333333334,2018-02-04T11:15:50Z
20,18.1,2018-02-04T11:15:50Z
21,19.316666666666666,2018-02-04T11:15:50Z
22,13.216666666666667,2018-02-04T11:15:50Z
23,16.9,2018-02-04T11:15:50Z
24,18.65,2018-02-04T11:15:50Z
25,21.266666666666666,2018-02-04T11:15:50Z
26,20.733333333333334,2018-02-04T11:15:50Z
27,7.166666666666667,2018-02-04T11:15:50Z
28,3.85,2018-02-04T11:15:50Z
29,8.016666666666667,2018-02-04T11:15:50Z
30,7.116666666666666,2018-02-04T11:15:50Z
31,6.183333333333334,2018-02-04T11:15:50Z
32,6.35,2018-02-04T11:15:50Z
33,6.566666666666666,2018-02-04T11:15:50Z
34,5.816666666666666,2018-02-04T11:15:50Z
35,9.366666666666667,2018-02-04T11:15:50Z
36,10.466666666666667,2018-02-04T11:15:50Z
37,11.216666666666667,2018-02-04T11:15:50Z
38,8.4,2018-02-04T11:15:50Z
39,16.05,2018-02-04T11:15:50Z
40,10.366666666666667,2018-02-04T11:15:50Z
41,8.816666666666666,2018-02-04T11:15:50Z
42,8.383333333333333,2018-02-04T11:15:50Z
43,6.516666666666667,2018-02-04T11:15:50Z
44,8.716666666666667,2018-02-04T11:15:50Z
45,7.283333333333333,2018-02-04T11:15:50Z
46,10.45,2018-02-04T11:15:50Z
47,10.533333333333333,2018-02-04T11:15:50Z
48,7.85,2018-02-04T11:15:50Z
49,9.6,2018-02-04T11:15:50Z
50,5,2018-02-04T11:15:50Z
1,12.216666666666667,2018-02-04T11:24:04Z
2,8.25,2018-02-04T11:24:04Z
3,11.65,2018-02-04T11:24:04Z
4,8.166666666666666,2018-02-04T11:24:04Z
5,4.416666666666667,2018-02-04T11:24:04Z
6,4.833333333333333,2018-02-04T11:24:04Z
7,7.016666666666667,2018-02-04T11:24:04Z
8,7.716666666666667,2018-02-04T11:24:04Z
9,10,2018-02-04T11:24:04Z
10,9.333333333333334,2018-02-04T11:24:04Z
11,6.933333333333334,2018-02-04T11:24:04Z
12,8.9,2018-02-04T11:24:04Z
13,11.9,2018-02-04T11:24:04Z
14,5.95,2018-02-04T11:24:04Z
15,13.466666666666667,2018-02-04T11:24:04Z
16,7.366666666666666,2018-02-04T11:24:04Z
17,13.75,2018-02-04T11:24:04Z
18,17.116666666666667,2018-02-04T11:24:04Z
19,16.483333333333334,2018-02-04T11:24:04Z
20,18.1,2018-02-04T11:24:04Z
21,19.316666666666666,2018-02-04T11:24:04Z
22,13.216666666666667,2018-02-04T11:24:04Z
23,16.9,2018-02-04T11:24:04Z
24,18.65,2018-02-04T11:24:04Z
25,21.266666666666666,2018-02-04T11:24:04Z
26,20.733333333333334,2018-02-04T11:24:04Z
27,7.166666666666667,2018-02-04T11:24:04Z
28,3.85,2018-02-04T11:24:04Z
29,8.016666666666667,2018-02-04T11:24:04Z
30,7.116666666666666,2018-02-04T11:24:04Z
31,6.183333333333334,2018-02-04T11:24:04Z
32,6.35,2018-02-04T11:24:04Z
33,6.566666666666666,2018-02-04T11:24:04Z
34,5.816666666666666,2018-02-04T11:24:04Z
35,9.366666666666667,2018-02-04T11:24:04Z
36,10.466666666666667,2018-02-04T11:24:04Z
37,11.216666666666667,2018-02-04T11:24:04Z
38,8.4,2018-02-04T11:24:04Z
39,16.05,2018-02-04T11:24:04Z
40,10.366666666666667,2018-02-04T11:24:04Z
41,8.816666666666666,2018-02-04T11:24:04Z
42,8.383333333333333,2018-02-04T11:24:04Z
43,6.516666666666667,2018-02-04T11:24:04Z
44,8.716666666666667,2018-02-04T11:24:04Z
45,7.283333333333333,2018-02-04T11:24:04Z
46,10.45,2018-02-04T11:24:04Z
47,10.533333333333333,2018-02-04T11:24:04Z
48,7.85,2018-02-04T11:24:04Z
49,9.6,2018-02-04T11:24:04Z
50,5,2018-02-04T11:24:04Z
1,12.216666666666667,2018-02-04T11:25:03Z
2,8.25,2018-02-04T11:25:03Z
3,11.65,2018-02-04T11:25:03Z
4,8.166666666666666,2018-02-04T11:25:03Z
5,4.416666666666667,2018-02-04T11:25:03Z
6,4.833333333333333,2018-02-04T11:25:03Z
7,7.016666666666667,2018-02-04T11:25:03Z
8,7.716666666666667,2018-02-04T11:25:03Z
9,10,2018-02-04T11:25:03Z
10,9.333333333333334,2018-02-04T11:25:03Z
11,6.933333333333334,2018-02-04T11:25:03Z
12,8.9,2018-02-04T11:25:03Z
13,11.9,2018-02-04T11:25:03Z
14,5.95,2018-02-04T11:25:03Z
15,13.466666666666667,2018-02-04T11:25:03Z
16,7.366666666666666,2018-02-04T11:25:03Z
17,13.75,2018-02-04T11:25:03Z
18,17.116666666666667,2018-02-04T11:25:03Z
19,16.483333333333334,2018-02-04T11:25:03Z
20,18.1,2018-02-04T11:25:03Z
21,19.316666666666666,2018-02-04T11:25:03Z
22,13.216666666666667,2018-02-04T11:25:03Z
23,16.9,2018-02-04T11:25:03Z
24,18.65,2018-02-04T11:25:03Z
25,21.266666666666666,2018-02-04T11:25:03Z
26,20.733333333333334,2018-02-04T11:25:03Z
27,7.166666666666667,2018-02-04T11:25:03Z
28,3.85,2018-02-04T11:25:03Z
29,8.016666666666667,2018-02-04T11:25:03Z
30,7.116666666666666,2018-02-04T11:25:03Z
31,6.183333333333334,2018-02-04T11:25:03Z
32,6.35,2018-02-04T11:25:03Z
33,6.566666666666666,2018-02-04T11:25:03Z
34,5.816666666666666,2018-02-04T11:25:03Z
35,9.366666666666667,2018-02-04T11:25:03Z
36,10.466666666666667,2018-02-04T11:25:03Z
37,11.216666666666667,2018-02-04T11:25:03Z
38,8.4,2018-02-04T11:25:03Z
39,16.05,2018-02-04T11:25:03Z
40,10.366666666666667,2018-02-04T11:25:03Z
41,8.816666666666666,2018-02-04T11:25:03Z
42,8.383333333333333,2018-02-04T11:25:03Z
43,6.516666666666667,2018-02-04T11:25:03Z
44,8.716666666666667,2018-02-04T11:25:03Z
45,7.283333333333333,2018-02-04T11:25:03Z
46,10.45,2018-02-04T11:25:03Z
47,10.533333333333333,2018-02-04T11:25:03Z
48,7.85,2018-02-04T11:25:03Z
49,9.6,2018-02-04T11:25:03Z
50,5,2018-02-04T11:25:03Z
1,12.216666666666667,2018-02-04T11:26:03Z
2,8.25,2018-02-04T11:26:03Z
3,11.65,2018-02-04T11:26:03Z
4,8.166666666666666,2018-02-04T11:26:03Z
5,4.416666666666667,2018-02-04T11:26:03Z
6,4.833333333333333,2018-02-04T11:26:03Z
7,7.016666666666667,2018-02-04T11:26:03Z
8,7.716666666666667,2018-02-04T11:26:03Z
9,10,2018-02-04T11:26:03Z
10,9.333333333333334,2018-02-04T11:26:03Z
11,6.933333333333334,2018-02-04T11:26:03Z
12,8.9,2018-02-04T11:26:03Z
13,11.9,2018-02-04T11:26:03Z
14,5.95,2018-02-04T11:26:03Z
15,13.466666666666667,2018-02-04T11:26:03Z
16,7.366666666666666,2018-02-04T11:26:03Z
17,13.75,2018-02-04T11:26:03Z
18,17.116666666666667,2018-02-04T11:26:03Z
19,16.483333333333334,2018-02-04T11:26:03Z
20,18.1,2018-02-04T11:26:03Z
21,19.316666666666666,2018-02-04T11:26:03Z
22,13.216666666666667,2018-02-04T11:26:03Z
23,16.9,2018-02-04T11:26:03Z
24,18.65,2018-02-04T11:26:03Z
25,21.266666666666666,2018-02-04T11:26:03Z
26,20.733333333333334,2018-02-04T11:26:03Z
27,7.166666666666667,2018-02-04T11:26:03Z
28,3.85,2018-02-04T11:26:03Z
29,8.016666666666667,2018-02-04T11:26:03Z
30,7.116666666666666,2018-02-04T11:26:03Z
31,6.183333333333334,2018-02-04T11:26:03Z
32,6.35,2018-02-04T11:26:03Z
33,6.566666666666666,2018-02-04T11:26:03Z
34,5.816666666666666,2018-02-04T11:26:03Z
35,9.366666666666667,2018-02-04T11:26:03Z
36,10.466666666666667,2018-02-04T11:26:03Z
37,11.216666666666667,2018-02-04T11:26:03Z
38,8.4,2018-02-04T11:26:03Z
39,16.05,2018-02-04T11:26:03Z
40,10.366666666666667,2018-02-04T11:26:03Z
41,8.816666666666666,2018-02-04T11:26:03Z
42,8.383333333333333,2018-02-04T11:26:03Z
43,6.516666666666667,2018-02-04T11:26:03Z
44,8.716666666666667,2018-02-04T11:26:03Z
45,7.283333333333333,2018-02-04T11:26:03Z
46,10.45,2018-02-04T11:26:03Z
47,10.533333333333333,2018-02-04T11:26:03Z
48,7.85,2018-02-04T11:26:03Z
49,9.6,2018-02-04T11:26:03Z
50,5,2018-02-04T11:26:03Z
1,12.216666666666667,2018-02-04T11:27:03Z
2,8.25,2018-02-04T11:27:03Z
3,11.65,2018-02-04T11:27:03Z
4,8.166666666666666,2018-02-04T11:27:03Z
5,4.416666666666667,2018-02-04T11:27:03Z
6,4.833333333333333,2018-02-04T11:27:03Z
7,7.016666666666667,2018-02-04T11:27:03Z
8,7.716666666666667,2018-02-04T11:27:03Z
9,10,2018-02-04T11:27:03Z
10,9.333333333333334,2018-02-04T11:27:03Z
11,6.933333333333334,2018-02-04T11:27:03Z
12,8.9,2018-02-04T11:27:03Z
13,11.9,2018-02-04T11:27:03Z
14,5.95,2018-02-04T11:27:03Z
15,13.466666666666667,2018-02-04T11:27:03Z
16,7.366666666666666,2018-02-04T11:27:03Z
17,13.75,2018-02-04T11:27:03Z
18,17.116666666666667,2018-02-04T11:27:03Z
19,16.483333333333334,2018-02-04T11:27:03Z
20,18.1,2018-02-04T11:27:03Z
21,19.316666666666666,2018-02-04T11:27:03Z
22,13.216666666666667,2018-02-04T11:27:03Z
23,16.9,2018-02-04T11:27:03Z
24,18.65,2018-02-04T11:27:03Z
25,21.266666666666666,2018-02-04T11:27:03Z
26,20.733333333333334,2018-02-04T11:27:03Z
27,7.166666666666667,2018-02-04T11:27:03Z
28,3.85,2018-02-04T11:27:03Z
29,8.016666666666667,2018-02-04T11:27:03Z
30,7.116666666666666,2018-02-04T11:27:03Z
31,6.183333333333334,2018-02-04T11:27:03Z
32,6.35,2018-02-04T11:27:03Z
33,6.566666666666666,2018-02-04T11:27:03Z
34,5.816666666666666,2018-02-04T11:27:03Z
35,9.366666666666667,2018-02-04T11:27:03Z
36,10.466666666666667,2018-02-04T11:27:03Z
37,11.216666666666667,2018-02-04T11:27:03Z
38,8.4,2018-02-04T11:27:03Z
39,16.05,2018-02-04T11:27:03Z
40,10.366666666666667,2018-02-04T11:27:03Z
41,8.816666666666666,2018-02-04T11:27:03Z
42,8.383333333333333,2018-02-04T11:27:03Z
43,6.516666666666667,2018-02-04T11:27:03Z
44,8.716666666666667,2018-02-04T11:27:03Z
45,7.283333333333333,2018-02-04T11:27:03Z
46,10.45,2018-02-04T11:27:03Z
47,10.533333333333333,2018-02-04T11:27:03Z
48,7.85,2018-02-04T11:27:03Z
49,9.6,2018-02-04T11:27:03Z
50,5,2018-02-04T11:27:03Z
1,12.216666666666667,2018-02-04T11:28:03Z
2,8.25,2018-02-04T11:28:03Z
3,11.65,2018-02-04T11:28:03Z
4,8.166666666666666,2018-02-04T11:28:03Z
5,4.416666666666667,2018-02-04T11:28:03Z
6,4.833333333333333,2018-02-04T11:28:03Z
7,7.016666666666667,2018-02-04T11:28:03Z
8,7.716666666666667,2018-02-04T11:28:03Z
9,10,2018-02-04T11:28:03Z
10,9.333333333333334,2018-02-04T11:28:03Z
11,6.933333333333334,2018-02-04T11:28:03Z
12,8.9,2018-02-04T11:28:03Z
13,11.9,2018-02-04T11:28:03Z
14,5.95,2018-02-04T11:28:03Z
15,13.466666666666667,2018-02-04T11:28:03Z
16,7.366666666666666,2018-02-04T11:28:03Z
17,13.75,2018-02-04T11:28:03Z
18,17.116666666666667,2018-02-04T11:28:03Z
19,16.483333333333334,2018-02-04T11:28:03Z
20,18.1,2018-02-04T11:28:03Z
21,19.316666666666666,2018-02-04T11:28:03Z
22,13.216666666666667,2018-02-04T11:28:03Z
23,16.9,2018-02-04T11:28:03Z
24,18.65,2018-02-04T11:28:03Z
25,21.266666666666666,2018-02-04T11:28:03Z
26,20.733333333333334,2018-02-04T11:28:03Z
27,7.166666666666667,2018-02-04T11:28:03Z
28,3.85,2018-02-04T11:28:03Z
29,8.016666666666667,2018-02-04T11:28:03Z
30,7.116666666666666,2018-02-04T11:28:03Z
31,6.183333333333334,2018-02-04T11:28:03Z
32,6.35,2018-02-04T11:28:03Z
33,6.566666666666666,2018-02-04T11:28:03Z
34,5.816666666666666,2018-02-04T11:28:03Z
35,9.366666666666667,2018-02-04T11:28:03Z
36,10.466666666666667,2018-02-04T11:28:03Z
37,11.216666666666667,2018-02-04T11:28:03Z
38,8.4,2018-02-04T11:28:03Z
39,16.05,2018-02-04T11:28:03Z
40,10.366666666666667,2018-02-04T11:28:03Z
41,8.816666666666666,2018-02-04T11:28:03Z
42,8.383333333333333,2018-02-04T11:28:03Z
43,6.516666666666667,2018-02-04T11:28:03Z
44,8.716666666666667,2018-02-04T11:28:03Z
45,7.283333333333333,2018-02-04T11:28:03Z
46,10.45,2018-02-04T11:28:03Z
47,10.533333333333333,2018-02-04T11:28:03Z
48,7.85,2018-02-04T11:28:03Z
49,9.6,2018-02-04T11:28:03Z
50,5,2018-02-04T11:28:03Z
1,12.216666666666667,2018-02-04T11:29:03Z
2,8.25,2018-02-04T11:29:03Z
3,11.65,2018-02-04T11:29:03Z
4,8.166666666666666,2018-02-04T11:29:03Z
5,4.416666666666667,2018-02-04T11:29:03Z
6,4.833333333333333,2018-02-04T11:29:03Z
7,7.016666666666667,2018-02-04T11:29:03Z
8,7.716666666666667,2018-02-04T11:29:03Z
9,10,2018-02-04T11:29:03Z
10,9.333333333333334,2018-02-04T11:29:03Z
11,6.933333333333334,2018-02-04T11:29:03Z
12,8.9,2018-02-04T11:29:03Z
13,11.9,2018-02-04T11:29:03Z
14,5.95,2018-02-04T11:29:03Z
15,13.466666666666667,2018-02-04T11:29:03Z
16,7.366666666666666,2018-02-04T11:29:03Z
17,13.75,2018-02-04T11:29:03Z
18,17.116666666666667,2018-02-04T11:29:03Z
19,16.483333333333334,2018-02-04T11:29:03Z
20,18.1,2018-02-04T11:29:03Z
21,19.316666666666666,2018-02-04T11:29:03Z
22,13.216666666666667,2018-02-04T11:29:03Z
23,16.9,2018-02-04T11:29:03Z
24,18.65,2018-02-04T11:29:03Z
25,21.266666666666666,2018-02-04T11:29:03Z
26,20.733333333333334,2018-02-04T11:29:03Z
27,7.166666666666667,2018-02-04T11:29:03Z
28,3.85,2018-02-04T11:29:03Z
29,8.016666666666667,2018-02-04T11:29:03Z
30,7.116666666666666,2018-02-04T11:29:03Z
31,6.183333333333334,2018-02-04T11:29:03Z
32,6.35,2018-02-04T11:29:03Z
33,6.566666666666666,2018-02-04T11:29:03Z
34,5.816666666666666,2018-02-04T11:29:03Z
35,9.366666666666667,2018-02-04T11:29:03Z
36,10.466666666666667,2018-02-04T11:29:03Z
37,11.216666666666667,2018-02-04T11:29:03Z
38,8.4,2018-02-04T11:29:03Z
39,16.05,2018-02-04T11:29:03Z
40,10.366666666666667,2018-02-04T11:29:03Z
41,8.816666666666666,2018-02-04T11:29:03Z
42,8.383333333333333,2018-02-04T11:29:03Z
43,6.516666666666667,2018-02-04T11:29:03Z
44,8.716666666666667,2018-02-04T11:29:03Z
45,7.283333333333333,2018-02-04T11:29:03Z
46,10.45,2018-02-04T11:29:03Z
47,10.533333333333333,2018-02-04T11:29:03Z
48,7.85,2018-02-04T11:29:03Z
49,9.6,2018-02-04T11:29:03Z
50,5,2018-02-04T11:29:03Z
1,12.216666666666667,2018-02-04T11:30:03Z
2,8.25,2018-02-04T11:30:03Z
3,11.65,2018-02-04T11:30:03Z
4,8.166666666666666,2018-02-04T11:30:03Z
5,4.416666666666667,2018-02-04T11:30:03Z
6,4.833333333333333,2018-02-04T11:30:03Z
7,7.016666666666667,2018-02-04T11:30:03Z
8,7.716666666666667,2018-02-04T11:30:03Z
9,10,2018-02-04T11:30:03Z
10,9.333333333333334,2018-02-04T11:30:03Z
11,6.933333333333334,2018-02-04T11:30:03Z
12,8.9,2018-02-04T11:30:03Z
13,11.9,2018-02-04T11:30:03Z
14,5.95,2018-02-04T11:30:03Z
15,13.466666666666667,2018-02-04T11:30:03Z
16,7.366666666666666,2018-02-04T11:30:03Z
17,13.75,2018-02-04T11:30:03Z
18,17.116666666666667,2018-02-04T11:30:03Z
19,16.483333333333334,2018-02-04T11:30:03Z
20,18.1,2018-02-04T11:30:03Z
21,19.316666666666666,2018-02-04T11:30:03Z
22,13.216666666666667,2018-02-04T11:30:03Z
23,16.9,2018-02-04T11:30:03Z
24,18.65,2018-02-04T11:30:03Z
25,21.266666666666666,2018-02-04T11:30:03Z
26,20.733333333333334,2018-02-04T11:30:03Z
27,7.166666666666667,2018-02-04T11:30:03Z
28,3.85,2018-02-04T11:30:03Z
29,8.016666666666667,2018-02-04T11:30:03Z
30,7.116666666666666,2018-02-04T11:30:03Z
31,6.183333333333334,2018-02-04T11:30:03Z
32,6.35,2018-02-04T11:30:03Z
33,6.566666666666666,2018-02-04T11:30:03Z
34,5.816666666666666,2018-02-04T11:30:03Z
35,9.366666666666667,2018-02-04T11:30:03Z
36,10.466666666666667,2018-02-04T11:30:03Z
37,11.216666666666667,2018-02-04T11:30:03Z
38,8.4,2018-02-04T11:30:03Z
39,16.05,2018-02-04T11:30:03Z
40,10.366666666666667,2018-02-04T11:30:03Z
41,8.816666666666666,2018-02-04T11:30:03Z
42,8.383333333333333,2018-02-04T11:30:03Z
43,6.516666666666667,2018-02-04T11:30:03Z
44,8.716666666666667,2018-02-04T11:30:03Z
45,7.283333333333333,2018-02-04T11:30:03Z
46,10.45,2018-02-04T11:30:03Z
47,10.533333333333333,2018-02-04T11:30:03Z
48,7.85,2018-02-04T11:30:03Z
49,9.6,2018-02-04T11:30:03Z
50,5,2018-02-04T11:30:03Z
1,12.216666666666667,2018-02-04T11:31:03Z
2,8.25,2018-02-04T11:31:03Z
3,11.65,2018-02-04T11:31:03Z
4,8.166666666666666,2018-02-04T11:31:03Z
5,4.416666666666667,2018-02-04T11:31:03Z
6,4.833333333333333,2018-02-04T11:31:03Z
7,7.016666666666667,2018-02-04T11:31:03Z
8,7.716666666666667,2018-02-04T11:31:03Z
9,10,2018-02-04T11:31:03Z
10,9.333333333333334,2018-02-04T11:31:03Z
11,6.933333333333334,2018-02-04T11:31:03Z
12,8.9,2018-02-04T11:31:03Z
13,11.9,2018-02-04T11:31:03Z
14,5.95,2018-02-04T11:31:03Z
15,13.466666666666667,2018-02-04T11:31:03Z
16,7.366666666666666,2018-02-04T11:31:03Z
17,13.75,2018-02-04T11:31:03Z
18,17.116666666666667,2018-02-04T11:31:03Z
19,16.483333333333334,2018-02-04T11:31:03Z
20,18.1,2018-02-04T11:31:03Z
21,19.316666666666666,2018-02-04T11:31:03Z
22,13.216666666666667,2018-02-04T11:31:03Z
23,16.9,2018-02-04T11:31:03Z
24,18.65,2018-02-04T11:31:03Z
25,21.266666666666666,2018-02-04T11:31:03Z
26,20.733333333333334,2018-02-04T11:31:03Z
27,7.166666666666667,2018-02-04T11:31:03Z
28,3.85,2018-02-04T11:31:03Z
29,8.016666666666667,2018-02-04T11:31:03Z
30,7.116666666666666,2018-02-04T11:31:03Z
31,6.183333333333334,2018-02-04T11:31:03Z
32,6.35,2018-02-04T11:31:03Z
33,6.566666666666666,2018-02-04T11:31:03Z
34,5.816666666666666,2018-02-04T11:31:03Z
35,9.366666666666667,2018-02-04T11:31:03Z
36,10.466666666666667,2018-02-04T11:31:03Z
37,11.216666666666667,2018-02-04T11:31:03Z
38,8.4,2018-02-04T11:31:03Z
39,16.05,2018-02-04T11:31:03Z
40,10.366666666666667,2018-02-04T11:31:03Z
41,8.816666666666666,2018-02-04T11:31:03Z
42,8.383333333333333,2018-02-04T11:31:03Z
43,6.516666666666667,2018-02-04T11:31:03Z
44,8.716666666666667,2018-02-04T11:31:03Z
45,7.283333333333333,2018-02-04T11:31:03Z
46,10.45,2018-02-04T11:31:03Z
47,10.533333333333333,2018-02-04T11:31:03Z
48,7.85,2018-02-04T11:31:03Z
49,9.6,2018-02-04T11:31:03Z
50,5,2018-02-04T11:31:03Z
1,12.216666666666667,2018-02-04T11:32:03Z
2,8.25,2018-02-04T11:32:03Z
3,11.65,2018-02-04T11:32:03Z
4,8.166666666666666,2018-02-04T11:32:03Z
5,4.416666666666667,2018-02-04T11:32:03Z
6,4.833333333333333,2018-02-04T11:32:03Z
7,7.016666666666667,2018-02-04T11:32:03Z
8,7.716666666666667,2018-02-04T11:32:03Z
9,10,2018-02-04T11:32:03Z
10,9.333333333333334,2018-02-04T11:32:03Z
11,6.933333333333334,2018-02-04T11:32:03Z
12,8.9,2018-02-04T11:32:03Z
13,11.9,2018-02-04T11:32:03Z
14,5.95,2018-02-04T11:32:03Z
15,13.466666666666667,2018-02-04T11:32:03Z
16,7.366666666666666,2018-02-04T11:32:03Z
17,13.75,2018-02-04T11:32:03Z
18,17.116666666666667,2018-02-04T11:32:03Z
19,16.483333333333334,2018-02-04T11:32:03Z
20,18.1,2018-02-04T11:32:03Z
21,19.316666666666666,2018-02-04T11:32:03Z
22,13.216666666666667,2018-02-04T11:32:03Z
23,16.9,2018-02-04T11:32:03Z
24,18.65,2018-02-04T11:32:03Z
25,21.266666666666666,2018-02-04T11:32:03Z
26,20.733333333333334,2018-02-04T11:32:03Z
27,7.166666666666667,2018-02-04T11:32:03Z
28,3.85,2018-02-04T11:32:03Z
29,8.016666666666667,2018-02-04T11:32:03Z
30,7.116666666666666,2018-02-04T11:32:03Z
31,6.183333333333334,2018-02-04T11:32:03Z
32,6.35,2018-02-04T11:32:03Z
33,6.566666666666666,2018-02-04T11:32:03Z
34,5.816666666666666,2018-02-04T11:32:03Z
35,9.366666666666667,2018-02-04T11:32:03Z
36,10.466666666666667,2018-02-04T11:32:03Z
37,11.216666666666667,2018-02-04T11:32:03Z
38,8.4,2018-02-04T11:32:03Z
39,16.05,2018-02-04T11:32:03Z
40,10.366666666666667,2018-02-04T11:32:03Z
41,8.816666666666666,2018-02-04T11:32:03Z
42,8.383333333333333,2018-02-04T11:32:03Z
43,6.516666666666667,2018-02-04T11:32:03Z
44,8.716666666666667,2018-02-04T11:32:03Z
45,7.283333333333333,2018-02-04T11:32:03Z
46,10.45,2018-02-04T11:32:03Z
47,10.533333333333333,2018-02-04T11:32:03Z
48,7.85,2018-02-04T11:32:03Z
49,9.6,2018-02-04T11:32:03Z
50,5,2018-02-04T11:32:03Z
1,12.216666666666667,2018-02-04T11:33:03Z
2,8.25,2018-02-04T11:33:03Z
3,11.65,2018-02-04T11:33:03Z
4,8.166666666666666,2018-02-04T11:33:03Z
5,4.416666666666667,2018-02-04T11:33:03Z
6,4.833333333333333,2018-02-04T11:33:03Z
7,7.016666666666667,2018-02-04T11:33:03Z
8,7.716666666666667,2018-02-04T11:33:03Z
9,10,2018-02-04T11:33:03Z
10,9.333333333333334,2018-02-04T11:33:03Z
11,6.933333333333334,2018-02-04T11:33:03Z
12,8.9,2018-02-04T11:33:03Z
13,11.9,2018-02-04T11:33:03Z
14,5.95,2018-02-04T11:33:03Z
15,13.466666666666667,2018-02-04T11:33:03Z
16,7.366666666666666,2018-02-04T11:33:03Z
17,13.75,2018-02-04T11:33:03Z
18,17.116666666666667,2018-02-04T11:33:03Z
19,16.483333333333334,2018-02-04T11:33:03Z
20,18.1,2018-02-04T11:33:03Z
21,19.316666666666666,2018-02-04T11:33:03Z
22,13.216666666666667,2018-02-04T11:33:03Z
23,16.9,2018-02-04T11:33:03Z
24,18.65,2018-02-04T11:33:03Z
25,21.266666666666666,2018-02-04T11:33:03Z
26,20.733333333333334,2018-02-04T11:33:03Z
27,7.166666666666667,2018-02-04T11:33:03Z
28,3.85,2018-02-04T11:33:03Z
29,8.016666666666667,2018-02-04T11:33:03Z
30,7.116666666666666,2018-02-04T11:33:03Z
31,6.183333333333334,2018-02-04T11:33:03Z
32,6.35,2018-02-04T11:33:03Z
33,6.566666666666666,2018-02-04T11:33:03Z
34,5.816666666666666,2018-02-04T11:33:03Z
35,9.366666666666667,2018-02-04T11:33:03Z
36,10.466666666666667,2018-02-04T11:33:03Z
37,11.216666666666667,2018-02-04T11:33:03Z
38,8.4,2018-02-04T11:33:03Z
39,16.05,2018-02-04T11:33:03Z
40,10.366666666666667,2018-02-04T11:33:03Z
41,8.816666666666666,2018-02-04T11:33:03Z
42,8.383333333333333,2018-02-04T11:33:03Z
43,6.516666666666667,2018-02-04T11:33:03Z
44,8.716666666666667,2018-02-04T11:33:03Z
45,7.283333333333333,2018-02-04T11:33:03Z
46,10.45,2018-02-04T11:33:03Z
47,10.533333333333333,2018-02-04T11:33:03Z
48,7.85,2018-02-04T11:33:03Z
49,9.6,2018-02-04T11:33:03Z
50,5,2018-02-04T11:33:03Z
1,12.216666666666667,2018-02-04T11:34:03Z
2,8.25,2018-02-04T11:34:03Z
3,11.65,2018-02-04T11:34:03Z
4,8.166666666666666,2018-02-04T11:34:03Z
5,4.416666666666667,2018-02-04T11:34:03Z
6,4.833333333333333,2018-02-04T11:34:03Z
7,7.016666666666667,2018-02-04T11:34:03Z
8,7.716666666666667,2018-02-04T11:34:03Z
9,10,2018-02-04T11:34:03Z
10,9.333333333333334,2018-02-04T11:34:03Z
11,6.933333333333334,2018-02-04T11:34:03Z
12,8.9,2018-02-04T11:34:03Z
13,11.9,2018-02-04T11:34:03Z
14,5.95,2018-02-04T11:34:03Z
15,13.466666666666667,2018-02-04T11:34:03Z
16,7.366666666666666,2018-02-04T11:34:03Z
17,13.75,2018-02-04T11:34:03Z
18,17.116666666666667,2018-02-04T11:34:03Z
19,16.483333333333334,2018-02-04T11:34:03Z
20,18.1,2018-02-04T11:34:03Z
21,19.316666666666666,2018-02-04T11:34:03Z
22,13.216666666666667,2018-02-04T11:34:03Z
23,16.9,2018-02-04T11:34:03Z
24,18.65,2018-02-04T11:34:03Z
25,21.266666666666666,2018-02-04T11:34:03Z
26,20.733333333333334,2018-02-04T11:34:03Z
27,7.166666666666667,2018-02-04T11:34:03Z
28,3.85,2018-02-04T11:34:03Z
29,8.016666666666667,2018-02-04T11:34:03Z
30,7.116666666666666,2018-02-04T11:34:03Z
31,6.183333333333334,2018-02-04T11:34:03Z
32,6.35,2018-02-04T11:34:03Z
33,6.566666666666666,2018-02-04T11:34:03Z
34,5.816666666666666,2018-02-04T11:34:03Z
35,9.366666666666667,2018-02-04T11:34:03Z
36,10.466666666666667,2018-02-04T11:34:03Z
37,11.216666666666667,2018-02-04T11:34:03Z
38,8.4,2018-02-04T11:34:03Z
39,16.05,2018-02-04T11:34:03Z
40,10.366666666666667,2018-02-04T11:34:03Z
41,8.816666666666666,2018-02-04T11:34:03Z
42,8.383333333333333,2018-02-04T11:34:03Z
43,6.516666666666667,2018-02-04T11:34:03Z
44,8.716666666666667,2018-02-04T11:34:03Z
45,7.283333333333333,2018-02-04T11:34:03Z
46,10.45,2018-02-04T11:34:03Z
47,10.533333333333333,2018-02-04T11:34:03Z
48,7.85,2018-02-04T11:34:03Z
49,9.6,2018-02-04T11:34:03Z
50,5,2018-02-04T11:34:03Z
1,12.216666666666667,2018-02-04T11:35:03Z
2,8.25,2018-02-04T11:35:03Z
3,11.65,2018-02-04T11:35:03Z
4,8.166666666666666,2018-02-04T11:35:03Z
5,4.416666666666667,2018-02-04T11:35:03Z
6,4.833333333333333,2018-02-04T11:35:03Z
7,7.016666666666667,2018-02-04T11:35:03Z
8,7.716666666666667,2018-02-04T11:35:03Z
9,10,2018-02-04T11:35:03Z
10,9.333333333333334,2018-02-04T11:35:03Z
11,6.933333333333334,2018-02-04T11:35:03Z
12,8.9,2018-02-04T11:35:03Z
13,11.9,2018-02-04T11:35:03Z
14,5.95,2018-02-04T11:35:03Z
15,13.466666666666667,2018-02-04T11:35:03Z
16,7.366666666666666,2018-02-04T11:35:03Z
17,13.75,2018-02-04T11:35:03Z
18,17.116666666666667,2018-02-04T11:35:03Z
19,16.483333333333334,2018-02-04T11:35:03Z
20,18.1,2018-02-04T11:35:03Z
21,19.316666666666666,2018-02-04T11:35:03Z
22,13.216666666666667,2018-02-04T11:35:03Z
23,16.9,2018-02-04T11:35:03Z
24,18.65,2018-02-04T11:35:03Z
25,21.266666666666666,2018-02-04T11:35:03Z
26,20.733333333333334,2018-02-04T11:35:03Z
27,7.166666666666667,2018-02-04T11:35:03Z
28,3.85,2018-02-04T11:35:03Z
29,8.016666666666667,2018-02-04T11:35:03Z
30,7.116666666666666,2018-02-04T11:35:03Z
31,6.183333333333334,2018-02-04T11:35:03Z
32,6.35,2018-02-04T11:35:03Z
33,6.566666666666666,2018-02-04T11:35:03Z
34,5.816666666666666,2018-02-04T11:35:03Z
35,9.366666666666667,2018-02-04T11:35:03Z
36,10.466666666666667,2018-02-04T11:35:03Z
37,11.216666666666667,2018-02-04T11:35:03Z
38,8.4,2018-02-04T11:35:03Z
39,16.05,2018-02-04T11:35:03Z
40,10.366666666666667,2018-02-04T11:35:03Z
41,8.816666666666666,2018-02-04T11:35:03Z
42,8.383333333333333,2018-02-04T11:35:03Z
43,6.516666666666667,2018-02-04T11:35:03Z
44,8.716666666666667,2018-02-04T11:35:03Z
45,7.283333333333333,2018-02-04T11:35:03Z
46,10.45,2018-02-04T11:35:03Z
47,10.533333333333333,2018-02-04T11:35:03Z
48,7.85,2018-02-04T11:35:03Z
49,9.6,2018-02-04T11:35:03Z
50,5,2018-02-04T11:35:03Z
1,12.216666666666667,2018-02-04T11:36:03Z
2,8.25,2018-02-04T11:36:03Z
3,11.65,2018-02-04T11:36:03Z
4,8.166666666666666,2018-02-04T11:36:03Z
5,4.416666666666667,2018-02-04T11:36:03Z
6,4.833333333333333,2018-02-04T11:36:03Z
7,7.016666666666667,2018-02-04T11:36:03Z
8,7.716666666666667,2018-02-04T11:36:03Z
9,10,2018-02-04T11:36:03Z
10,9.333333333333334,2018-02-04T11:36:03Z
11,6.933333333333334,2018-02-04T11:36:03Z
12,8.9,2018-02-04T11:36:03Z
13,11.9,2018-02-04T11:36:03Z
14,5.95,2018-02-04T11:36:03Z
15,13.466666666666667,2018-02-04T11:36:03Z
16,7.366666666666666,2018-02-04T11:36:03Z
17,13.75,2018-02-04T11:36:03Z
18,17.116666666666667,2018-02-04T11:36:03Z
19,16.483333333333334,2018-02-04T11:36:03Z
20,18.1,2018-02-04T11:36:03Z
21,19.316666666666666,2018-02-04T11:36:03Z
22,13.216666666666667,2018-02-04T11:36:03Z
23,16.9,2018-02-04T11:36:03Z
24,18.65,2018-02-04T11:36:03Z
25,21.266666666666666,2018-02-04T11:36:03Z
26,20.733333333333334,2018-02-04T11:36:03Z
27,7.166666666666667,2018-02-04T11:36:03Z
28,3.85,2018-02-04T11:36:03Z
29,8.016666666666667,2018-02-04T11:36:03Z
30,7.116666666666666,2018-02-04T11:36:03Z
31,6.183333333333334,2018-02-04T11:36:03Z
32,6.35,2018-02-04T11:36:03Z
33,6.566666666666666,2018-02-04T11:36:03Z
34,5.816666666666666,2018-02-04T11:36:03Z
35,9.366666666666667,2018-02-04T11:36:03Z
36,10.466666666666667,2018-02-04T11:36:03Z
37,11.216666666666667,2018-02-04T11:36:03Z
38,8.4,2018-02-04T11:36:03Z
39,16.05,2018-02-04T11:36:03Z
40,10.366666666666667,2018-02-04T11:36:03Z
41,8.816666666666666,2018-02-04T11:36:03Z
42,8.383333333333333,2018-02-04T11:36:03Z
43,6.516666666666667,2018-02-04T11:36:03Z
44,8.716666666666667,2018-02-04T11:36:03Z
45,7.283333333333333,2018-02-04T11:36:03Z
46,10.45,2018-02-04T11:36:03Z
47,10.533333333333333,2018-02-04T11:36:03Z
48,7.85,2018-02-04T11:36:03Z
49,9.6,2018-02-04T11:36:03Z
50,5,2018-02-04T11:36:03Z
1,12.216666666666667,2018-02-04T12:00:03Z
2,8.25,2018-02-04T12:00:03Z
3,11.65,2018-02-04T12:00:03Z
4,8.166666666666666,2018-02-04T12:00:03Z
5,4.416666666666667,2018-02-04T12:00:03Z
6,4.833333333333333,2018-02-04T12:00:03Z
7,7.016666666666667,2018-02-04T12:00:03Z
8,7.716666666666667,2018-02-04T12:00:03Z
9,10,2018-02-04T12:00:03Z
10,9.333333333333334,2018-02-04T12:00:03Z
11,6.933333333333334,2018-02-04T12:00:03Z
12,8.9,2018-02-04T12:00:03Z
13,11.9,2018-02-04T12:00:03Z
14,5.95,2018-02-04T12:00:03Z
15,13.466666666666667,2018-02-04T12:00:03Z
16,7.366666666666666,2018-02-04T12:00:03Z
17,13.75,2018-02-04T12:00:03Z
18,17.116666666666667,2018-02-04T12:00:03Z
19,16.483333333333334,2018-02-04T12:00:03Z
20,18.1,2018-02-04T12:00:03Z
21,19.316666666666666,2018-02-04T12:00:03Z
22,13.216666666666667,2018-02-04T12:00:03Z
23,16.9,2018-02-04T12:00:03Z
24,18.65,2018-02-04T12:00:03Z
25,21.266666666666666,2018-02-04T12:00:03Z
26,20.733333333333334,2018-02-04T12:00:03Z
27,7.166666666666667,2018-02-04T12:00:03Z
28,3.85,2018-02-04T12:00:03Z
29,8.016666666666667,2018-02-04T12:00:03Z
30,7.116666666666666,2018-02-04T12:00:03Z
31,6.183333333333334,2018-02-04T12:00:03Z
32,6.35,2018-02-04T12:00:03Z
33,6.566666666666666,2018-02-04T12:00:03Z
34,5.816666666666666,2018-02-04T12:00:03Z
35,9.366666666666667,2018-02-04T12:00:03Z
36,10.466666666666667,2018-02-04T12:00:03Z
37,11.216666666666667,2018-02-04T12:00:03Z
38,8.4,2018-02-04T12:00:03Z
39,16.05,2018-02-04T12:00:03Z
40,10.366666666666667,2018-02-04T12:00:03Z
41,8.816666666666666,2018-02-04T12:00:03Z
42,8.383333333333333,2018-02-04T12:00:03Z
43,6.516666666666667,2018-02-04T12:00:03Z
44,8.716666666666667,2018-02-04T12:00:03Z
45,7.283333333333333,2018-02-04T12:00:03Z
46,10.45,2018-02-04T12:00:03Z
47,10.533333333333333,2018-02-04T12:00:03Z
48,7.85,2018-02-04T12:00:03Z
49,9.6,2018-02-04T12:00:03Z
50,5,2018-02-04T12:00:03Z
1,12.216666666666667,2018-02-04T12:30:03Z
2,8.25,2018-02-04T12:30:03Z
3,11.65,2018-02-04T12:30:03Z
4,8.166666666666666,2018-02-04T12:30:03Z
5,4.416666666666667,2018-02-04T12:30:03Z
6,4.833333333333333,2018-02-04T12:30:03Z
7,7.016666666666667,2018-02-04T12:30:03Z
8,7.716666666666667,2018-02-04T12:30:03Z
9,10,2018-02-04T12:30:03Z
10,9.333333333333334,2018-02-04T12:30:03Z
11,6.933333333333334,2018-02-04T12:30:03Z
12,8.9,2018-02-04T12:30:03Z
13,11.9,2018-02-04T12:30:03Z
14,5.95,2018-02-04T12:30:03Z
15,13.466666666666667,2018-02-04T12:30:03Z
16,7.366666666666666,2018-02-04T12:30:03Z
17,13.75,2018-02-04T12:30:03Z
18,17.116666666666667,2018-02-04T12:30:03Z
19,16.483333333333334,2018-02-04T12:30:03Z
20,18.1,2018-02-04T12:30:03Z
21,19.316666666666666,2018-02-04T12:30:03Z
22,13.216666666666667,2018-02-04T12:30:03Z
23,16.9,2018-02-04T12:30:03Z
24,18.65,2018-02-04T12:30:03Z
25,21.266666666666666,2018-02-04T12:30:03Z
26,20.733333333333334,2018-02-04T12:30:03Z
27,7.166666666666667,2018-02-04T12:30:03Z
28,3.85,2018-02-04T12:30:03Z
29,8.016666666666667,2018-02-04T12:30:03Z
30,7.116666666666666,2018-02-04T12:30:03Z
31,6.183333333333334,2018-02-04T12:30:03Z
32,6.35,2018-02-04T12:30:03Z
33,6.566666666666666,2018-02-04T12:30:03Z
34,5.816666666666666,2018-02-04T12:30:03Z
35,9.366666666666667,2018-02-04T12:30:03Z
36,10.466666666666667,2018-02-04T12:30:03Z
37,11.216666666666667,2018-02-04T12:30:03Z
38,8.4,2018-02-04T12:30:03Z
39,16.05,2018-02-04T12:30:03Z
40,10.366666666666667,2018-02-04T12:30:03Z
41,8.816666666666666,2018-02-04T12:30:03Z
42,8.383333333333333,2018-02-04T12:30:03Z
43,6.516666666666667,2018-02-04T12:30:03Z
44,8.716666666666667,2018-02-04T12:30:03Z
45,7.283333333333333,2018-02-04T12:30:03Z
46,10.45,2018-02-04T12:30:03Z
47,10.533333333333333,2018-02-04T12:30:03Z
48,7.85,2018-02-04T12:30:03Z
49,9.6,2018-02-04T12:30:03Z
50,5,2018-02-04T12:30:03Z
1,12.216666666666667,2018-02-04T13:00:03Z
2,8.25,2018-02-04T13:00:03Z
3,11.65,2018-02-04T13:00:03Z
4,8.166666666666666,2018-02-04T13:00:03Z
5,4.416666666666667,2018-02-04T13:00:03Z
6,4.833333333333333,2018-02-04T13:00:03Z
7,7.016666666666667,2018-02-04T13:00:03Z
8,7.716666666666667,2018-02-04T13:00:03Z
9,10,2018-02-04T13:00:03Z
10,9.333333333333334,2018-02-04T13:00:03Z
11,6.933333333333334,2018-02-04T13:00:03Z
12,8.9,2018-02-04T13:00:03Z
13,11.9,2018-02-04T13:00:03Z
14,5.95,2018-02-04T13:00:03Z
15,13.466666666666667,2018-02-04T13:00:03Z
16,7.366666666666666,2018-02-04T13:00:03Z
17,13.75,2018-02-04T13:00:03Z
18,17.116666666666667,2018-02-04T13:00:03Z
19,16.483333333333334,2018-02-04T13:00:03Z
20,18.1,2018-02-04T13:00:03Z
21,19.316666666666666,2018-02-04T13:00:03Z
22,13.216666666666667,2018-02-04T13:00:03Z
23,16.9,2018-02-04T13:00:03Z
24,18.65,2018-02-04T13:00:03Z
25,21.266666666666666,2018-02-04T13:00:03Z
26,20.733333333333334,2018-02-04T13:00:03Z
27,7.166666666666667,2018-02-04T13:00:03Z
28,3.85,2018-02-04T13:00:03Z
29,8.016666666666667,2018-02-04T13:00:03Z
30,7.116666666666666,2018-02-04T13:00:03Z
31,6.183333333333334,2018-02-04T13:00:03Z
32,6.35,2018-02-04T13:00:03Z
33,6.566666666666666,2018-02-04T13:00:03Z
34,5.816666666666666,2018-02-04T13:00:03Z
35,9.366666666666667,2018-02-04T13:00:03Z
36,10.466666666666667,2018-02-04T13:00:03Z
37,11.216666666666667,2018-02-04T13:00:03Z
38,8.4,2018-02-04T13:00:03Z
39,16.05,2018-02-04T13:00:03Z
40,10.366666666666667,2018-02-04T13:00:03Z
41,8.816666666666666,2018-02-04T13:00:03Z
42,8.383333333333333,2018-02-04T13:00:03Z
43,6.516666666666667,2018-02-04T13:00:03Z
44,8.716666666666667,2018-02-04T13:00:03Z
45,7.283333333333333,2018-02-04T13:00:03Z
46,10.45,2018-02-04T13:00:03Z
47,10.533333333333333,2018-02-04T13:00:03Z
48,7.85,2018-02-04T13:00:03Z
49,9.6,2018-02-04T13:00:03Z
50,5,2018-02-04T13:00:03Z
1,12.216666666666667,2018-02-04T13:30:03Z
2,8.25,2018-02-04T13:30:03Z
3,11.65,2018-02-04T13:30:03Z
4,8.166666666666666,2018-02-04T13:30:03Z
5,4.416666666666667,2018-02-04T13:30:03Z
6,4.833333333333333,2018-02-04T13:30:03Z
7,7.016666666666667,2018-02-04T13:30:03Z
8,7.716666666666667,2018-02-04T13:30:03Z
9,10,2018-02-04T13:30:03Z
10,9.333333333333334,2018-02-04T13:30:03Z
11,6.933333333333334,2018-02-04T13:30:03Z
12,8.9,2018-02-04T13:30:03Z
13,11.9,2018-02-04T13:30:03Z
14,5.95,2018-02-04T13:30:03Z
15,13.466666666666667,2018-02-04T13:30:03Z
16,7.366666666666666,2018-02-04T13:30:03Z
17,13.75,2018-02-04T13:30:03Z
18,17.116666666666667,2018-02-04T13:30:03Z
19,16.483333333333334,2018-02-04T13:30:03Z
20,18.1,2018-02-04T13:30:03Z
21,19.316666666666666,2018-02-04T13:30:03Z
22,13.216666666666667,2018-02-04T13:30:03Z
23,16.9,2018-02-04T13:30:03Z
24,18.65,2018-02-04T13:30:03Z
25,21.266666666666666,2018-02-04T13:30:03Z
26,20.733333333333334,2018-02-04T13:30:03Z
27,7.166666666666667,2018-02-04T13:30:03Z
28,3.85,2018-02-04T13:30:03Z
29,8.016666666666667,2018-02-04T13:30:03Z
30,7.116666666666666,2018-02-04T13:30:03Z
31,6.183333333333334,2018-02-04T13:30:03Z
32,6.35,2018-02-04T13:30:03Z
33,6.566666666666666,2018-02-04T13:30:03Z
34,5.816666666666666,2018-02-04T13:30:03Z
35,9.366666666666667,2018-02-04T13:30:03Z
36,10.466666666666667,2018-02-04T13:30:03Z
37,11.216666666666667,2018-02-04T13:30:03Z
38,8.4,2018-02-04T13:30:03Z
39,16.05,2018-02-04T13:30:03Z
40,10.366666666666667,2018-02-04T13:30:03Z
41,8.816666666666666,2018-02-04T13:30:03Z
42,8.383333333333333,2018-02-04T13:30:03Z
43,6.516666666666667,2018-02-04T13:30:03Z
44,8.716666666666667,2018-02-04T13:30:03Z
45,7.283333333333333,2018-02-04T13:30:03Z
46,10.45,2018-02-04T13:30:03Z
47,10.533333333333333,2018-02-04T13:30:03Z
48,7.85,2018-02-04T13:30:03Z
49,9.6,2018-02-04T13:30:03Z
50,5,2018-02-04T13:30:03Z
1,12.216666666666667,2018-02-04T14:00:04Z
2,8.25,2018-02-04T14:00:04Z
3,11.65,2018-02-04T14:00:04Z
4,8.166666666666666,2018-02-04T14:00:04Z
5,4.416666666666667,2018-02-04T14:00:04Z
6,4.833333333333333,2018-02-04T14:00:04Z
7,7.016666666666667,2018-02-04T14:00:04Z
8,7.716666666666667,2018-02-04T14:00:04Z
9,10,2018-02-04T14:00:04Z
10,9.333333333333334,2018-02-04T14:00:04Z
11,6.933333333333334,2018-02-04T14:00:04Z
12,8.9,2018-02-04T14:00:04Z
13,11.9,2018-02-04T14:00:04Z
14,5.95,2018-02-04T14:00:04Z
15,13.466666666666667,2018-02-04T14:00:04Z
16,7.366666666666666,2018-02-04T14:00:04Z
17,13.75,2018-02-04T14:00:04Z
18,17.116666666666667,2018-02-04T14:00:04Z
19,16.483333333333334,2018-02-04T14:00:04Z
20,18.1,2018-02-04T14:00:04Z
21,19.316666666666666,2018-02-04T14:00:04Z
22,13.216666666666667,2018-02-04T14:00:04Z
23,16.9,2018-02-04T14:00:04Z
24,18.65,2018-02-04T14:00:04Z
25,21.266666666666666,2018-02-04T14:00:04Z
26,20.733333333333334,2018-02-04T14:00:04Z
27,7.166666666666667,2018-02-04T14:00:04Z
28,3.85,2018-02-04T14:00:04Z
29,8.016666666666667,2018-02-04T14:00:04Z
30,7.116666666666666,2018-02-04T14:00:04Z
31,6.183333333333334,2018-02-04T14:00:04Z
32,6.35,2018-02-04T14:00:04Z
33,6.566666666666666,2018-02-04T14:00:04Z
34,5.816666666666666,2018-02-04T14:00:04Z
35,9.366666666666667,2018-02-04T14:00:04Z
36,10.466666666666667,2018-02-04T14:00:04Z
37,11.216666666666667,2018-02-04T14:00:04Z
38,8.4,2018-02-04T14:00:04Z
39,16.05,2018-02-04T14:00:04Z
40,10.366666666666667,2018-02-04T14:00:04Z
41,8.816666666666666,2018-02-04T14:00:04Z
42,8.383333333333333,2018-02-04T14:00:04Z
43,6.516666666666667,2018-02-04T14:00:04Z
44,8.716666666666667,2018-02-04T14:00:04Z
45,7.283333333333333,2018-02-04T14:00:04Z
46,10.45,2018-02-04T14:00:04Z
47,10.533333333333333,2018-02-04T14:00:04Z
48,7.85,2018-02-04T14:00:04Z
49,9.6,2018-02-04T14:00:04Z
50,5,2018-02-04T14:00:04Z
